frames_to_process,split_no,flops,total_processing_time,single_frame_time,left_output_size,avg_consec_inference_gap,total_left_model_time,total_right_model_time,Model
10,34,0.0152,25.297048,2.5297048,602112,2.441332778,1.019068,0,DenseNet169
10,34,0.0152,25.308144,2.5308144,602112,0.8447238889,1.024576,0,DenseNet169
10,41,0.0191,27.037765,2.7037765,702464,1.394586333,1.253002,10.765677,DenseNet169
10,41,0.0191,27.044432,2.7044432,702464,0.3993568889,1.173524,0,DenseNet169
10,48,0.0232,29.150464,2.9150464,802816,2.369637667,1.245598,10.298505,DenseNet169
10,48,0.0232,29.152045,2.9152045,802816,2.280350556,1.206391,0,DenseNet169
10,49,0.0232,29.015904,2.9015904,802816,2.764759222,1.386584,10.168358,DenseNet169
10,49,0.0232,29.016016,2.9016016,802816,2.764856333,1.432818,0,DenseNet169
10,50,0.0232,20.722656,2.0722656,802816,1.958041111,1.245862,10.191971,DenseNet169
10,50,0.0232,20.722042,2.0722042,802816,1.958150333,1.262856,0,DenseNet169
10,51,0.0252,20.097038,2.0097038,401408,1.893889444,1.241372,0,DenseNet169
10,51,0.0252,20.097147,2.0097147,401408,1.894000444,1.291379,10.155218,DenseNet169
10,52,0.0252,13.297362,1.3297362,100352,1.182165444,1.395613,9.782922,DenseNet169
10,52,0.0252,13.29136,1.329136,100352,1.182292,1.427736,0,DenseNet169
10,59,0.0261,13.7271,1.37271,125440,1.227902222,1.435945,9.80268,DenseNet169
10,59,0.0261,13.726116,1.3726116,125440,1.227960444,1.379092,0,DenseNet169
10,66,0.027,15.09966,1.509966,150528,1.372028222,1.402181,0,DenseNet169
10,66,0.027,15.100648,1.5100648,150528,1.372163667,1.451143,9.706056,DenseNet169
10,73,0.0279,15.198209,1.5198209,175616,1.361323778,1.534509,0,DenseNet169
10,73,0.0279,15.19462,1.519462,175616,1.361428,1.56493,10.293289,DenseNet169
10,80,0.0289,15.092429,1.5092429,200704,1.354122,1.559323,0,DenseNet169
10,80,0.0289,15.093012,1.5093012,200704,1.354255667,1.585961,9.826311,DenseNet169
10,87,0.03,16.746535,1.6746535,225792,1.502592778,1.712181,9.320465,DenseNet169
10,87,0.03,16.745374,1.6745374,225792,1.502695111,1.733317,0,DenseNet169
10,94,0.0312,17.081807,1.7081807,250880,1.518954667,1.824015,9.86408,DenseNet169
10,94,0.0312,17.083369,1.7083369,250880,1.519139333,1.831592,0,DenseNet169
10,101,0.0324,17.24297,1.724297,275968,1.521726444,2.023282,0,DenseNet169
10,101,0.0324,17.242155,1.7242155,275968,1.521851778,2.02441,9.065679,DenseNet169
10,108,0.0337,17.663894,1.7663894,301056,1.555757778,2.088276,9.289182,DenseNet169
10,108,0.0337,17.663517,1.7663517,301056,1.555892778,2.094515,0,DenseNet169
10,115,0.0351,18.314585,1.8314585,326144,1.628309889,2.124709,9.123346,DenseNet169
10,115,0.0351,18.29698,1.829698,326144,1.628468,2.131779,0,DenseNet169
10,122,0.0365,19.214535,1.9214535,351232,1.690130444,2.095741,0,DenseNet169
10,122,0.0365,19.215569,1.9215569,351232,1.690266,2.100278,8.624512,DenseNet169
10,129,0.0379,19.681199,1.9681199,376320,1.761545444,2.193546,0,DenseNet169
10,129,0.0379,19.68369,1.968369,376320,1.761695222,2.216273,8.529724,DenseNet169
10,136,0.0395,20.224176,2.0224176,401408,1.758388,2.315387,0,DenseNet169
10,136,0.0395,20.223982,2.0223982,401408,1.758568222,2.326802,8.365853,DenseNet169
10,137,0.0395,21.176793,2.1176793,401408,1.758231889,2.851271,8.323605,DenseNet169
10,137,0.0395,21.158282,2.1158282,401408,1.758343111,2.83269,0,DenseNet169
10,138,0.0395,13.474796,1.3474796,401408,1.119731556,2.306569,0,DenseNet169
10,138,0.0395,13.475606,1.3475606,401408,1.119699556,2.301004,8.215824,DenseNet169
10,139,0.0415,15.026864,1.5026864,200704,1.272311444,2.34017,7.968873,DenseNet169
10,139,0.0415,15.028042,1.5028042,200704,1.272485111,2.350479,0,DenseNet169
10,140,0.0415,11.327755,1.1327755,50176,0.8970971111,2.364324,8.311383,DenseNet169
10,140,0.0415,11.327961,1.1327961,50176,0.8971231111,2.346173,0,DenseNet169
10,147,0.0418,11.743734,1.1743734,56448,0.907488,2.547215,7.875696,DenseNet169
10,147,0.0418,11.729115,1.1729115,56448,0.9076385556,2.6046,0,DenseNet169
10,154,0.0421,11.663457,1.1663457,62720,0.928899,2.443384,0,DenseNet169
10,154,0.0421,11.664469,1.1664469,62720,0.9289045556,2.406765,7.87371,DenseNet169
10,161,0.0424,11.772428,1.1772428,68992,0.9333758889,2.497681,7.824615,DenseNet169
10,161,0.0424,11.773032,1.1773032,68992,0.9333443333,2.462871,0,DenseNet169
10,168,0.0427,11.561093,1.1561093,75264,0.8992943333,2.598516,0,DenseNet169
10,168,0.0427,11.561367,1.1561367,75264,0.8992975556,2.562224,7.680897,DenseNet169
10,175,0.0431,11.794081,1.1794081,81536,0.8950471111,2.820701,0,DenseNet169
10,175,0.0431,11.794887,1.1794887,81536,0.8952138889,2.891575,7.388753,DenseNet169
10,182,0.0434,12.370938,1.2370938,87808,0.9612615556,2.792979,0,DenseNet169
10,182,0.0434,12.372036,1.2372036,87808,0.961216,2.777462,7.216266,DenseNet169
10,189,0.0438,11.999262,1.1999262,94080,0.9283324444,2.734395,0,DenseNet169
10,189,0.0438,12.000182,1.2000182,94080,0.9284771111,2.774243,7.692378,DenseNet169
10,196,0.0442,12.044424,1.2044424,100352,0.924109,2.858964,0,DenseNet169
10,196,0.0442,12.045769,1.2045769,100352,0.9241535556,2.81378,7.217543,DenseNet169
10,203,0.0446,12.578626,1.2578626,106624,0.9751466667,2.927966,7.024874,DenseNet169
10,203,0.0446,12.578551,1.2578551,106624,0.9750642222,2.894999,0,DenseNet169
10,210,0.045,12.250435,1.2250435,112896,0.9173705556,3.064396,0,DenseNet169
10,210,0.045,12.250963,1.2250963,112896,0.9174256667,3.122029,6.878556,DenseNet169
10,217,0.0454,12.430998,1.2430998,119168,0.9174491111,3.227278,0,DenseNet169
10,217,0.0454,12.447629,1.2447629,119168,0.9176018889,3.244601,6.720009,DenseNet169
10,224,0.0459,13.208239,1.3208239,125440,1.020128111,3.09702,0,DenseNet169
10,224,0.0459,13.209244,1.3209244,125440,1.020226333,3.123322,6.617834,DenseNet169
10,231,0.0463,12.519217,1.2519217,131712,0.9393593333,3.168894,7.096865,DenseNet169
10,231,0.0463,12.515537,1.2515537,131712,0.9394094444,3.140775,0,DenseNet169
10,238,0.0468,12.864775,1.2864775,137984,0.9696091111,3.235501,0,DenseNet169
10,238,0.0468,12.865195,1.2865195,137984,0.9697055556,3.257256,6.457796,DenseNet169
10,245,0.0473,13.273451,1.3273451,144256,1.008309778,3.268875,0,DenseNet169
10,245,0.0473,13.274255,1.3274255,144256,1.008464556,3.31423,6.29731,DenseNet169
10,252,0.0478,12.582666,1.2582666,150528,0.9213823333,3.396428,0,DenseNet169
10,252,0.0478,12.584026,1.2584026,150528,0.9213983333,3.376677,6.220809,DenseNet169
10,259,0.0484,12.90411,1.290411,156800,0.922804,3.682546,5.956461,DenseNet169
10,259,0.0484,12.921618,1.2921618,156800,0.9229181111,3.720729,0,DenseNet169
10,266,0.0489,13.156743,1.3156743,163072,0.9378401111,3.742584,5.807788,DenseNet169
10,266,0.0489,13.156368,1.3156368,163072,0.9377546667,3.732911,0,DenseNet169
10,273,0.0495,13.322056,1.3322056,169344,0.9738392222,3.589943,5.82493,DenseNet169
10,273,0.0495,13.321924,1.3321924,169344,0.9739595556,3.633609,0,DenseNet169
10,280,0.05,13.584923,1.3584923,175616,1.004453667,3.618547,0,DenseNet169
10,280,0.05,13.585551,1.3585551,175616,1.004547556,3.662619,5.697676,DenseNet169
10,287,0.0506,13.238438,1.3238438,181888,0.9563942222,3.706103,0,DenseNet169
10,287,0.0506,13.238648,1.3238648,181888,0.9564654444,3.745558,6.050563,DenseNet169
10,294,0.0513,14.586424,1.4586424,188160,1.078668556,3.95976,5.458059,DenseNet169
10,294,0.0513,14.58772,1.458772,188160,1.078758,3.927581,0,DenseNet169
10,301,0.0519,14.270546,1.4270546,194432,1.018617,4.138539,5.61652,DenseNet169
10,301,0.0519,14.261286,1.4261286,194432,1.018715444,4.145026,0,DenseNet169
10,308,0.0525,14.652982,1.4652982,200704,1.048212,4.222256,5.597956,DenseNet169
10,308,0.0525,14.653381,1.4653381,200704,1.048158667,4.21429,0,DenseNet169
10,315,0.0532,13.651269,1.3651269,206976,0.9411472222,4.25196,0,DenseNet169
10,315,0.0532,13.656442,1.3656442,206976,0.941213,4.287872,5.273934,DenseNet169
10,322,0.0539,13.970579,1.3970579,213248,0.9954356667,4.105559,4.825846,DenseNet169
10,322,0.0539,13.971314,1.3971314,213248,0.9955734444,4.106845,0,DenseNet169
10,329,0.0545,13.594088,1.3594088,219520,0.9230464444,4.360699,0,DenseNet169
10,329,0.0545,13.578094,1.3578094,219520,0.9231966667,4.34718,4.681239,DenseNet169
10,336,0.0552,14.418627,1.4418627,225792,0.9911847778,4.56372,4.510189,DenseNet169
10,336,0.0552,14.411803,1.4411803,225792,0.9913318889,4.565938,0,DenseNet169
10,343,0.056,13.922855,1.3922855,232064,0.9278471111,4.602301,0,DenseNet169
10,343,0.056,13.92352,1.392352,232064,0.9279598889,4.610131,4.416497,DenseNet169
10,350,0.0567,14.555957,1.4555957,238336,1.005078111,4.520897,4.289385,DenseNet169
10,350,0.0567,14.555279,1.4555279,238336,1.005196889,4.536258,0,DenseNet169
10,357,0.0575,14.273458,1.4273458,244608,0.9453753333,4.547415,4.178177,DenseNet169
10,357,0.0575,14.273543,1.4273543,244608,0.9455088889,4.570326,0,DenseNet169
10,364,0.0582,15.152225,1.5152225,250880,1.047907444,4.697216,0,DenseNet169
10,364,0.0582,15.152522,1.5152522,250880,1.048084,4.710468,4.096928,DenseNet169
10,365,0.0582,14.067793,1.4067793,250880,0.953756,4.531324,4.184027,DenseNet169
10,365,0.0582,14.067717,1.4067717,250880,0.9539513333,4.541961,0,DenseNet169
10,366,0.0582,12.019148,1.2019148,250880,0.7311966667,4.785097,3.964746,DenseNet169
10,366,0.0582,12.023436,1.2023436,250880,0.7312944444,4.794378,0,DenseNet169
10,367,0.0614,11.682742,1.1682742,125440,0.6787694444,4.907573,0,DenseNet169
10,367,0.0614,11.690749,1.1690749,125440,0.6787156667,4.905665,4.294798,DenseNet169
10,368,0.0614,9.060971,0.9060971,31360,0.4451565556,4.594287,0,DenseNet169
10,368,0.0614,9.061855,0.9061855,31360,0.4453346667,4.633594,3.829481,DenseNet169
10,375,0.0616,9.582379,0.9582379,32928,0.4611285556,4.904179,3.708541,DenseNet169
10,375,0.0616,9.583199,0.9583199,32928,0.4612211111,4.908768,0,DenseNet169
10,382,0.0617,9.3674,0.93674,34496,0.4470307778,4.88653,3.771879,DenseNet169
10,382,0.0617,9.367154,0.9367154,34496,0.4471411111,4.864372,0,DenseNet169
10,389,0.0618,10.567783,1.0567783,36064,0.5227786667,5.338953,3.652656,DenseNet169
10,389,0.0618,10.554632,1.0554632,36064,0.5230133333,5.381619,0,DenseNet169
10,396,0.0619,10.230091,1.0230091,37632,0.4544894444,5.70647,0,DenseNet169
10,396,0.0619,10.232709,1.0232709,37632,0.4544458889,5.651971,4.120762,DenseNet169
10,403,0.0621,9.052726,0.9052726,39200,0.4138914444,4.933794,3.50364,DenseNet169
10,403,0.0621,9.05311,0.905311,39200,0.4139087778,4.90718,0,DenseNet169
10,410,0.0622,9.280563,0.9280563,40768,0.4017071111,5.24679,3.208524,DenseNet169
10,410,0.0622,9.287087,0.9287087,40768,0.4018298889,5.286891,0,DenseNet169
10,417,0.0623,9.251327,0.9251327,42336,0.4175225556,5.099293,0,DenseNet169
10,417,0.0623,9.251485,0.9251485,42336,0.4174598889,5.068824,3.069306,DenseNet169
10,424,0.0625,9.704586,0.9704586,43904,0.3947131111,5.118121,3.1362,DenseNet169
10,424,0.0625,9.705378,0.9705378,43904,0.3948235556,5.145683,0,DenseNet169
10,431,0.0626,9.571281,0.9571281,45472,0.384485,5.72324,0,DenseNet169
10,431,0.0626,9.575531,0.9575531,45472,0.3844856667,5.726656,3.543025,DenseNet169
10,438,0.0628,9.283073,0.9283073,47040,0.4105835556,5.188775,0,DenseNet169
10,438,0.0628,9.28343,0.928343,47040,0.4107592222,5.219873,2.776439,DenseNet169
10,445,0.0629,9.348252,0.9348252,48608,0.3778193333,5.602306,2.874997,DenseNet169
10,445,0.0629,9.343322,0.9343322,48608,0.3778167778,5.55521,0,DenseNet169
10,452,0.0631,10.211273,1.0211273,50176,0.3946632222,6.18742,2.602622,DenseNet169
10,452,0.0631,10.211554,1.0211554,50176,0.3946493333,6.166197,0,DenseNet169
10,459,0.0633,9.533613,0.9533613,51744,0.3761813333,5.772992,2.651389,DenseNet169
10,459,0.0633,9.535047,0.9535047,51744,0.3763683333,5.807097,0,DenseNet169
10,466,0.0634,9.408292,0.9408292,53312,0.3556911111,5.874293,2.47546,DenseNet169
10,466,0.0634,9.412876,0.9412876,53312,0.3556827778,5.828016,0,DenseNet169
10,473,0.0636,9.647844,0.9647844,54880,0.3616476667,6.032692,2.265809,DenseNet169
10,473,0.0636,9.651048,0.9651048,54880,0.361601,6.010597,0,DenseNet169
10,480,0.0638,9.174984,0.9174984,56448,0.3382901111,5.841955,0,DenseNet169
10,480,0.0638,9.176895,0.9176895,56448,0.3382593333,5.781523,2.238721,DenseNet169
10,487,0.064,9.810617,0.9810617,58016,0.3444465556,6.370643,2.046,DenseNet169
10,487,0.064,9.793947,0.9793947,58016,0.3444471111,6.344638,0,DenseNet169
10,494,0.0642,9.58155,0.958155,59584,0.3327537778,6.163052,0,DenseNet169
10,494,0.0642,9.587192,0.9587192,59584,0.3327748889,6.156096,1.968634,DenseNet169
10,501,0.0643,9.007769,0.9007769,61152,0.3073627778,5.924332,0,DenseNet169
10,501,0.0643,9.012217,0.9012217,61152,0.3074673333,5.947622,1.826782,DenseNet169
10,508,0.0645,9.705166,0.9705166,62720,0.297176,6.630268,1.666356,DenseNet169
10,508,0.0645,9.691672,0.9691672,62720,0.2971483333,6.584169,0,DenseNet169
10,515,0.0647,8.817821,0.8817821,64288,0.2925528889,5.900461,0,DenseNet169
10,515,0.0647,8.818432,0.8818432,64288,0.2925772222,5.891618,1.527522,DenseNet169
10,522,0.0649,8.8714,0.88714,65856,0.2785847778,6.08364,0,DenseNet169
10,522,0.0649,8.888185,0.8888185,65856,0.278597,6.09446,1.416737,DenseNet169
10,529,0.0651,9.959945,0.9959945,67424,0.3199195556,6.775044,1.283793,DenseNet169
10,529,0.0651,9.959682,0.9959682,67424,0.319906,6.758368,0,DenseNet169
10,536,0.0653,9.379093,0.9379093,68992,0.278506,6.592617,0,DenseNet169
10,536,0.0653,9.372903,0.9372903,68992,0.2786353333,6.599881,1.27909,DenseNet169
10,543,0.0656,10.244742,1.0244742,70560,0.2871542222,7.411755,1.094108,DenseNet169
10,543,0.0656,10.247096,1.0247096,70560,0.2871246667,7.331841,0,DenseNet169
10,550,0.0658,10.368205,1.0368205,72128,0.325551,7.163904,1.052609,DenseNet169
10,550,0.0658,10.362391,1.0362391,72128,0.3256906667,7.174205,0,DenseNet169
10,557,0.066,9.273744,0.9273744,73696,0.2505635556,6.761463,0.9744,DenseNet169
10,557,0.066,9.274996,0.9274996,73696,0.2506768889,6.780098,0,DenseNet169
10,564,0.0662,9.23235,0.923235,75264,0.2346246667,6.880485,0.738865,DenseNet169
10,564,0.0662,9.232807,0.9232807,75264,0.2347061111,6.881648,0,DenseNet169
10,571,0.0665,8.779604,0.8779604,76832,0.2355378889,6.424103,0.58472,DenseNet169
10,571,0.0665,8.780013,0.8780013,76832,0.2356925556,6.459079,0,DenseNet169
10,578,0.0667,8.784867,0.8784867,78400,0.2167786667,6.603935,0,DenseNet169
10,578,0.0667,8.78832,0.878832,78400,0.2169763333,6.640881,0.484131,DenseNet169
10,585,0.0669,9.0877,0.90877,79968,0.227696,6.83515,0,DenseNet169
10,585,0.0669,9.088629,0.9088629,79968,0.2277072222,6.814498,0.348393,DenseNet169
10,592,0.0672,8.5803,0.85803,81536,0.1955977778,6.66185,0,DenseNet169
10,592,0.0672,8.581669,0.8581669,81536,0.1955971111,6.597556,0.220401,DenseNet169
10,593,0.0672,8.992684,0.8992684,81536,0.1901065556,7.168223,0.09028,DenseNet169
10,593,0.0672,8.992331,0.8992331,81536,0.1900826667,7.076007,0,DenseNet169
10,594,0.0672,8.339697,0.8339697,81536,0.1798593333,6.645063,0.063306,DenseNet169
10,594,0.0672,8.340147,0.8340147,81536,0.1798675556,6.614364,0,DenseNet169
10,595,0.0672,7.478687,0.7478687,1664,0.01424511111,7.294853,0,DenseNet169
10,595,0.0672,7.478487,0.7478487,1664,0.01439144444,7.336795,0.054077,DenseNet169
10,1,0,11.911862,1.1911862,158700,0.8949085556,0.501343,0,DenseNet121
10,1,0,11.915139,1.1915139,158700,0.312397,0.501476,0,DenseNet121
10,2,0.0024,26.982921,2.6982921,802816,1.536475444,0.451502,0,DenseNet121
10,2,0.0024,26.984533,2.6984533,802816,1.810894,0.482634,0,DenseNet121
10,3,0.0024,27.013178,2.7013178,802816,2.369964333,0.433248,0,DenseNet121
10,3,0.0024,27.012717,2.7012717,802816,2.559741,0.476592,16.358113,DenseNet121
10,4,0.0024,18.176668,1.8176668,802816,1.765159222,0.456934,0,DenseNet121
10,4,0.0024,18.180939,1.8180939,802816,1.765273,0.537458,8.359984,DenseNet121
10,5,0.0024,19.59975,1.959975,831744,1.927961778,0.51982,8.136736,DenseNet121
10,5,0.0024,19.600801,1.9600801,831744,1.927999889,0.45997,0,DenseNet121
10,6,0.0024,14.193526,1.4193526,200704,1.392713111,0.430336,0,DenseNet121
10,6,0.0024,14.187436,1.4187436,200704,1.392844556,0.471425,8.792016,DenseNet121
10,13,0.0052,14.525863,1.4525863,301056,1.406799111,0.568022,0,DenseNet121
10,13,0.0052,14.525645,1.4525645,301056,1.406898333,0.568987,9.596249,DenseNet121
10,20,0.0083,18.154289,1.8154289,401408,1.735946222,0.792205,0,DenseNet121
10,20,0.0083,18.139427,1.8139427,401408,1.735912111,0.77441,8.026108,DenseNet121
10,27,0.0116,18.588979,1.8588979,501760,1.762841667,0.771385,0,DenseNet121
10,27,0.0116,18.589317,1.8589317,501760,1.762894889,0.819733,8.921359,DenseNet121
10,34,0.0152,21.303611,2.1303611,602112,2.054505889,0.913852,0,DenseNet121
10,34,0.0152,21.304076,2.1304076,602112,2.054616556,0.919689,7.614774,DenseNet121
10,41,0.0191,23.409285,2.3409285,702464,2.213190556,1.067771,0,DenseNet121
10,41,0.0191,23.415474,2.3415474,702464,2.213358889,1.103143,7.594553,DenseNet121
10,48,0.0232,25.278126,2.5278126,802816,2.396594111,1.172236,0,DenseNet121
10,48,0.0232,25.27792,2.527792,802816,2.396702,1.205156,7.041413,DenseNet121
10,49,0.0232,25.080222,2.5080222,802816,2.397673,1.19918,0,DenseNet121
10,49,0.0232,25.080072,2.5080072,802816,2.397836111,1.21805,7.103386,DenseNet121
10,50,0.0232,17.414306,1.7414306,802816,1.634734,1.218731,0,DenseNet121
10,50,0.0232,17.415363,1.7415363,802816,1.634851444,1.234001,6.810664,DenseNet121
10,51,0.0252,17.624306,1.7624306,401408,1.643764556,1.262278,0,DenseNet121
10,51,0.0252,17.630264,1.7630264,401408,1.643908556,1.288753,6.821843,DenseNet121
10,52,0.0252,10.486594,1.0486594,100352,0.9215966667,1.280915,0,DenseNet121
10,52,0.0252,10.486512,1.0486512,100352,0.9216668889,1.296467,7.178046,DenseNet121
10,59,0.0261,11.264316,1.1264316,125440,0.9585235556,1.370386,6.881059,DenseNet121
10,59,0.0261,11.264689,1.1264689,125440,0.9586592222,1.377511,0,DenseNet121
10,66,0.027,11.027291,1.1027291,150528,0.9594003333,1.42419,6.934973,DenseNet121
10,66,0.027,11.033149,1.1033149,150528,0.9595723333,1.466607,0,DenseNet121
10,73,0.0279,11.956656,1.1956656,175616,1.064192444,1.428992,0,DenseNet121
10,73,0.0279,11.958677,1.1958677,175616,1.064178889,1.419754,6.327352,DenseNet121
10,80,0.0289,12.20201,1.220201,200704,1.053279222,1.584566,6.550084,DenseNet121
10,80,0.0289,12.198424,1.2198424,200704,1.053277444,1.57501,0,DenseNet121
10,87,0.03,12.5067,1.25067,225792,1.093910889,1.60492,0,DenseNet121
10,87,0.03,12.507703,1.2507703,225792,1.094002111,1.619508,6.124388,DenseNet121
10,94,0.0312,12.892006,1.2892006,250880,1.124597333,1.688253,0,DenseNet121
10,94,0.0312,12.894042,1.2894042,250880,1.124759889,1.705473,5.982382,DenseNet121
10,101,0.0324,13.421914,1.3421914,275968,1.122107,1.874375,0,DenseNet121
10,101,0.0324,13.417995,1.3417995,275968,1.122189889,1.887914,6.098949,DenseNet121
10,108,0.0337,14.538142,1.4538142,301056,1.227956,1.926256,5.961329,DenseNet121
10,108,0.0337,14.538765,1.4538765,301056,1.228106111,1.974271,0,DenseNet121
10,115,0.0351,14.582836,1.4582836,326144,1.245391556,1.906052,5.537116,DenseNet121
10,115,0.0351,14.585977,1.4585977,326144,1.245525444,1.931783,0,DenseNet121
10,122,0.0365,15.605602,1.5605602,351232,1.327037889,2.06214,5.745775,DenseNet121
10,122,0.0365,15.60827,1.560827,351232,1.327161333,2.079906,0,DenseNet121
10,129,0.0379,17.251434,1.7251434,376320,1.481808778,2.318873,0,DenseNet121
10,129,0.0379,17.253643,1.7253643,376320,1.481798444,2.305344,5.506749,DenseNet121
10,136,0.0395,17.313226,1.7313226,401408,1.501215333,2.269268,5.528444,DenseNet121
10,136,0.0395,17.302835,1.7302835,401408,1.501333444,2.313801,0,DenseNet121
10,137,0.0395,16.818338,1.6818338,401408,1.414463333,2.55383,5.350293,DenseNet121
10,137,0.0395,16.817237,1.6817237,401408,1.414600333,2.607084,0,DenseNet121
10,138,0.0395,10.949904,1.0949904,401408,0.841778,2.370479,5.11396,DenseNet121
10,138,0.0395,10.940669,1.0940669,401408,0.8419536667,2.378245,0,DenseNet121
10,139,0.0415,11.422467,1.1422467,200704,0.9208913333,2.213629,4.97063,DenseNet121
10,139,0.0415,11.422638,1.1422638,200704,0.9210198889,2.222402,0,DenseNet121
10,140,0.0415,8.082426,0.8082426,50176,0.5852867778,2.21896,0,DenseNet121
10,140,0.0415,8.083638,0.8083638,50176,0.5854101111,2.221613,4.916479,DenseNet121
10,147,0.0418,8.568113,0.8568113,56448,0.5988386667,2.535608,0,DenseNet121
10,147,0.0418,8.576538,0.8576538,56448,0.598989,2.632771,4.816019,DenseNet121
10,154,0.0421,8.225434,0.8225434,62720,0.5891976667,2.314679,4.815347,DenseNet121
10,154,0.0421,8.224982,0.8224982,62720,0.5892961111,2.362646,0,DenseNet121
10,161,0.0424,8.545813,0.8545813,68992,0.5949155556,2.55285,0,DenseNet121
10,161,0.0424,8.549956,0.8549956,68992,0.5950304444,2.634588,4.58764,DenseNet121
10,168,0.0427,8.567301,0.8567301,75264,0.6094426667,2.522684,0,DenseNet121
10,168,0.0427,8.568737,0.8568737,75264,0.6094211111,2.462625,4.513517,DenseNet121
10,175,0.0431,8.921029,0.8921029,81536,0.6420252222,2.557888,4.455516,DenseNet121
10,175,0.0431,8.906896,0.8906896,81536,0.6419865556,2.49956,0,DenseNet121
10,182,0.0434,8.76259,0.876259,87808,0.6078278889,2.688017,4.302575,DenseNet121
10,182,0.0434,8.763467,0.8763467,87808,0.6078624444,2.635095,0,DenseNet121
10,189,0.0438,8.622946,0.8622946,94080,0.5960016667,2.649086,0,DenseNet121
10,189,0.0438,8.623181,0.8623181,94080,0.5961095556,2.662603,4.26406,DenseNet121
10,196,0.0442,9.010929,0.9010929,100352,0.6001991111,2.949041,0,DenseNet121
10,196,0.0442,9.016303,0.9016303,100352,0.6001683333,2.947471,4.016145,DenseNet121
10,203,0.0446,9.341347,0.9341347,106624,0.6544494444,2.844567,0,DenseNet121
10,203,0.0446,9.342307,0.9342307,106624,0.6544091111,2.843788,3.931048,DenseNet121
10,210,0.045,8.978958,0.8978958,112896,0.612102,2.869466,3.839538,DenseNet121
10,210,0.045,8.978367,0.8978367,112896,0.6121334444,2.85047,0,DenseNet121
10,217,0.0454,9.646471,0.9646471,119168,0.6547324444,3.102568,0,DenseNet121
10,217,0.0454,9.648701,0.9648701,119168,0.6547585556,3.077651,3.715185,DenseNet121
10,1,0,63.877272,6.3877272,691200,4.882678556,0.419862,0,EfficientNetV2L
10,1,0,63.87906,6.387906,691200,2.355910778,0.394091,0,EfficientNetV2L
10,2,0.001,93.348476,9.3348476,1843200,7.682069,0.433168,0,EfficientNetV2L
10,2,0.001,93.350162,9.3350162,1843200,7.683011333,0.464185,49.439611,EfficientNetV2L
10,3,0.001,88.360113,8.8360113,1843200,8.714705667,0.48468,0,EfficientNetV2L
10,3,0.001,88.361282,8.8361282,1843200,8.714671444,0.463009,49.115241,EfficientNetV2L
10,4,0.001,87.197806,8.7197806,1843200,8.706603222,0.524228,47.233305,EfficientNetV2L
10,4,0.001,87.198409,8.7198409,1843200,8.706771556,0.5385,0,EfficientNetV2L
10,8,0.0116,87.959208,8.7959208,1843200,8.728377444,0.810331,47.518899,EfficientNetV2L
10,8,0.0116,87.960769,8.7960769,1843200,8.728354111,0.810812,0,EfficientNetV2L
10,13,0.0222,94.962033,9.4962033,1843200,9.396443333,1.090241,0,EfficientNetV2L
10,13,0.0222,94.962823,9.4962823,1843200,9.396527,1.082452,46.64259,EfficientNetV2L
10,18,0.0328,88.646546,8.8646546,1843200,8.748307556,1.366897,0,EfficientNetV2L
10,18,0.0328,88.647448,8.8647448,1843200,8.748476889,1.374856,48.590054,EfficientNetV2L
10,23,0.0435,89.017471,8.9017471,1843200,8.767988889,1.744365,0,EfficientNetV2L
10,23,0.0435,89.010794,8.9010794,1843200,8.768032,1.731233,46.469908,EfficientNetV2L
10,24,0.0541,96.287822,9.6287822,1843200,9.533356222,1.720181,0,EfficientNetV2L
10,24,0.0541,96.288148,9.6288148,1843200,9.533437778,1.752665,45.920199,EfficientNetV2L
10,25,0.0541,91.539174,9.1539174,1843200,8.855136889,2.00408,51.010344,EfficientNetV2L
10,25,0.0541,91.53744,9.153744,1843200,8.855288,2.034106,0,EfficientNetV2L
10,26,0.0541,90.951694,9.0951694,1843200,8.924907444,1.873585,0,EfficientNetV2L
10,26,0.0541,90.952375,9.0952375,1843200,8.924922778,1.864488,47.607282,EfficientNetV2L
10,27,0.0564,69.146326,6.9146326,921600,6.684808111,1.967417,45.679915,EfficientNetV2L
10,27,0.0564,69.149784,6.9149784,921600,6.684933778,1.980368,0,EfficientNetV2L
10,28,0.0564,68.2968,6.82968,921600,6.636396333,2.023768,0,EfficientNetV2L
10,28,0.0564,68.297238,6.8297238,921600,6.636344222,1.981482,45.995093,EfficientNetV2L
10,35,0.1036,68.276574,6.8276574,921600,6.534856333,2.815333,45.709488,EfficientNetV2L
10,35,0.1036,68.278332,6.8278332,921600,6.535021778,2.838986,0,EfficientNetV2L
10,42,0.1508,67.65495,6.765495,921600,6.438386444,3.54996,44.592844,EfficientNetV2L
10,42,0.1508,67.637506,6.7637506,921600,6.438557111,3.580183,0,EfficientNetV2L
10,49,0.198,66.71759,6.671759,921600,6.275303556,4.278883,0,EfficientNetV2L
10,49,0.198,66.718304,6.6718304,921600,6.275442222,4.283053,43.942904,EfficientNetV2L
10,56,0.2452,66.475901,6.6475901,921600,6.166118,5.10693,42.917545,EfficientNetV2L
10,56,0.2452,66.476365,6.6476365,921600,6.166250222,5.116743,0,EfficientNetV2L
10,63,0.2924,66.339467,6.6339467,921600,6.095084444,5.704032,0,EfficientNetV2L
10,63,0.2924,66.341318,6.6341318,921600,6.095206889,5.75801,41.852312,EfficientNetV2L
10,70,0.3396,67.092505,6.7092505,921600,6.077068778,6.633506,0,EfficientNetV2L
10,70,0.3396,67.092465,6.7092465,921600,6.077166222,6.7139,40.948418,EfficientNetV2L
10,71,0.3502,67.308333,6.7308333,921600,6.081083556,6.727181,0,EfficientNetV2L
10,71,0.3502,67.309431,6.7309431,921600,6.081215444,6.727042,40.223854,EfficientNetV2L
10,72,0.3502,67.165464,6.7165464,921600,6.056592,6.664888,0,EfficientNetV2L
10,72,0.3502,67.163799,6.7163799,921600,6.056757556,6.720076,39.846719,EfficientNetV2L
10,73,0.3502,67.263987,6.7263987,921600,6.003366,6.699929,39.914459,EfficientNetV2L
10,73,0.3502,67.264923,6.7264923,921600,6.003530556,6.718471,0,EfficientNetV2L
10,74,0.3519,54.631666,5.4631666,345600,4.774656,6.763441,39.928133,EfficientNetV2L
10,74,0.3519,54.631702,5.4631702,345600,4.774776778,6.77205,0,EfficientNetV2L
10,75,0.3519,55.083395,5.5083395,345600,4.748692889,7.126312,0,EfficientNetV2L
10,75,0.3519,55.084602,5.5084602,345600,4.748865667,7.145775,39.863701,EfficientNetV2L
10,82,0.3785,54.696932,5.4696932,345600,4.679725,7.370037,39.868171,EfficientNetV2L
10,82,0.3785,54.698636,5.4698636,345600,4.679794222,7.367357,0,EfficientNetV2L
10,89,0.405,53.883243,5.3883243,345600,4.625496778,7.562056,39.877737,EfficientNetV2L
10,89,0.405,53.884509,5.3884509,345600,4.625657667,7.683,0,EfficientNetV2L
10,96,0.4316,54.280889,5.4280889,345600,4.582124667,8.289055,38.733596,EfficientNetV2L
10,96,0.4316,54.284864,5.4284864,345600,4.582251778,8.294573,0,EfficientNetV2L
10,103,0.4581,54.308376,5.4308376,345600,4.557658889,8.885476,37.930991,EfficientNetV2L
10,103,0.4581,54.323802,5.4323802,345600,4.557802,8.910718,0,EfficientNetV2L
10,110,0.4847,54.091418,5.4091418,345600,4.507146333,9.153054,0,EfficientNetV2L
10,110,0.4847,54.110809,5.4110809,345600,4.507273889,9.180284,37.658921,EfficientNetV2L
10,117,0.5112,53.81947,5.381947,345600,4.434343333,9.431853,37.928502,EfficientNetV2L
10,117,0.5112,53.820203,5.3820203,345600,4.434506111,9.478139,0,EfficientNetV2L
10,118,0.5138,78.725128,7.8725128,1382400,6.866517889,9.696096,0,EfficientNetV2L
10,118,0.5138,78.725699,7.8725699,1382400,6.866664556,9.739046,36.608775,EfficientNetV2L
10,119,0.5138,77.724002,7.7724002,1382400,6.833929444,9.583321,0,EfficientNetV2L
10,119,0.5138,77.724679,7.7724679,1382400,6.834070778,9.628211,36.125333,EfficientNetV2L
10,120,0.5138,79.017537,7.9017537,1382400,6.890028556,9.782132,36.155215,EfficientNetV2L
10,120,0.5138,79.015215,7.9015215,1382400,6.890172111,9.802157,0,EfficientNetV2L
10,121,0.5377,54.088051,5.4088051,345600,4.423237778,9.87834,0,EfficientNetV2L
10,121,0.5377,54.08903,5.408903,345600,4.423423667,9.949769,36.253716,EfficientNetV2L
10,122,0.5377,54.056433,5.4056433,345600,4.326968111,10.008461,36.287902,EfficientNetV2L
10,122,0.5377,54.071065,5.4071065,345600,4.326947667,10.004405,0,EfficientNetV2L
10,123,0.5377,53.602872,5.3602872,345600,4.411111333,9.634198,0,EfficientNetV2L
10,123,0.5377,53.607589,5.3607589,345600,4.411303444,9.706849,36.144486,EfficientNetV2L
10,128,0.5377,54.307686,5.4307686,345600,4.444558889,9.839884,36.018959,EfficientNetV2L
10,128,0.5377,54.307812,5.4307812,345600,4.444477222,9.828902,0,EfficientNetV2L
10,129,0.5391,50.101665,5.0101665,172800,4.000478333,10.066139,0,EfficientNetV2L
10,129,0.5391,50.102597,5.0102597,172800,4.000628333,10.0754,37.23222,EfficientNetV2L
10,130,0.5391,49.790498,4.9790498,172800,3.97348,10.059941,36.256804,EfficientNetV2L
10,130,0.5391,49.791765,4.9791765,172800,3.973664,10.061354,0,EfficientNetV2L
10,145,0.6399,49.549404,4.9549404,172800,3.896990222,10.311412,0,EfficientNetV2L
10,145,0.6399,49.550282,4.9550282,172800,3.897096111,10.342214,36.040927,EfficientNetV2L
10,160,0.7408,50.038839,5.0038839,172800,3.952843667,10.520642,0,EfficientNetV2L
10,160,0.7408,50.03983,5.003983,172800,3.953006889,10.566753,35.483085,EfficientNetV2L
10,175,0.8416,49.107779,4.9107779,172800,3.816568889,10.883665,35.994614,EfficientNetV2L
10,175,0.8416,49.107812,4.9107812,172800,3.816693333,10.915192,0,EfficientNetV2L
10,190,0.9425,50.146017,5.0146017,172800,3.892187778,11.227962,0,EfficientNetV2L
10,190,0.9425,50.150641,5.0150641,172800,3.892723222,11.238662,34.700562,EfficientNetV2L
10,205,1.0434,48.732085,4.8732085,172800,3.691802222,11.667704,35.239693,EfficientNetV2L
10,205,1.0434,48.732664,4.8732664,172800,3.691939556,11.677525,0,EfficientNetV2L
10,220,1.1442,48.096418,4.8096418,172800,3.625235778,11.69379,33.483352,EfficientNetV2L
10,220,1.1442,48.097241,4.8097241,172800,3.625373333,11.724918,0,EfficientNetV2L
10,235,1.2451,48.142417,4.8142417,172800,3.605101667,12.001864,0,EfficientNetV2L
10,235,1.2451,48.143487,4.8143487,172800,3.605181778,11.950054,32.872527,EfficientNetV2L
10,250,1.346,48.563652,4.8563652,172800,3.594211444,12.403094,32.626143,EfficientNetV2L
10,250,1.346,48.563939,4.8563939,172800,3.594157222,12.325154,0,EfficientNetV2L
10,265,1.4468,49.587894,4.9587894,172800,3.668173889,12.953171,0,EfficientNetV2L
10,265,1.4468,49.588548,4.9588548,172800,3.668356889,12.970525,32.222198,EfficientNetV2L
10,266,1.4508,67.453917,6.7453917,1036800,5.481916556,12.765713,31.54457,EfficientNetV2L
10,266,1.4508,67.454476,6.7454476,1036800,5.481994444,12.808944,0,EfficientNetV2L
10,267,1.4508,68.055447,6.8055447,1036800,5.559331667,12.750883,0,EfficientNetV2L
10,267,1.4508,68.056618,6.8056618,1036800,5.559487222,12.783945,31.39248,EfficientNetV2L
10,268,1.4508,69.266482,6.9266482,1036800,5.678437889,12.876437,31.251472,EfficientNetV2L
10,268,1.4508,69.267503,6.9267503,1036800,5.678459333,12.815322,0,EfficientNetV2L
10,269,1.6658,69.566574,6.9566574,1036800,5.648425444,13.309199,31.29165,EfficientNetV2L
10,269,1.6658,69.567177,6.9567177,1036800,5.648556,13.331932,0,EfficientNetV2L
10,270,1.6658,67.563478,6.7563478,1036800,5.472690889,13.057026,0,EfficientNetV2L
10,270,1.6658,67.564872,6.7564872,1036800,5.472819444,13.152305,31.408119,EfficientNetV2L
10,271,1.6658,69.599415,6.9599415,1036800,5.572666444,13.108216,31.967926,EfficientNetV2L
10,271,1.6658,69.599263,6.9599263,1036800,5.572781444,13.134831,0,EfficientNetV2L
10,276,1.6658,69.025765,6.9025765,1036800,5.500127111,13.213631,31.022892,EfficientNetV2L
10,276,1.6658,69.027673,6.9027673,1036800,5.500263667,13.281496,0,EfficientNetV2L
10,277,1.6704,48.770479,4.8770479,201600,3.549197111,13.360859,30.747251,EfficientNetV2L
10,277,1.6704,48.771334,4.8771334,201600,3.549332444,13.367298,0,EfficientNetV2L
10,278,1.6704,48.860671,4.8860671,201600,3.566156444,13.257114,31.017855,EfficientNetV2L
10,278,1.6704,48.860718,4.8860718,201600,3.566361444,13.315885,0,EfficientNetV2L
10,293,1.9739,49.580963,4.9580963,201600,3.593897111,13.837397,0,EfficientNetV2L
10,293,1.9739,49.582837,4.9582837,201600,3.594067444,13.868934,31.140585,EfficientNetV2L
10,308,2.2774,47.649172,4.7649172,201600,3.365569444,14.05439,0,EfficientNetV2L
10,308,2.2774,47.650309,4.7650309,201600,3.365733222,14.067702,30.359902,EfficientNetV2L
10,323,2.5808,47.419539,4.7419539,201600,3.283742778,14.629664,0,EfficientNetV2L
10,323,2.5808,47.4203,4.74203,201600,3.283764444,14.60941,29.571681,EfficientNetV2L
10,338,2.8843,49.267186,4.9267186,201600,3.410247556,15.002694,0,EfficientNetV2L
10,338,2.8843,49.267674,4.9267674,201600,3.410365556,15.041375,28.785308,EfficientNetV2L
10,353,3.1878,47.420728,4.7420728,201600,3.181959111,15.506949,28.478174,EfficientNetV2L
10,353,3.1878,47.421515,4.7421515,201600,3.182078333,15.508271,0,EfficientNetV2L
10,368,3.4912,47.079263,4.7079263,201600,3.114253,15.824077,0,EfficientNetV2L
10,368,3.4912,47.081964,4.7081964,201600,3.114366222,15.830787,27.761273,EfficientNetV2L
10,383,3.7947,46.817377,4.6817377,201600,3.030390889,16.229906,0,EfficientNetV2L
10,383,3.7947,46.831565,4.6831565,201600,3.030515667,16.299252,27.118635,EfficientNetV2L
10,398,4.0982,46.549519,4.6549519,201600,2.989280778,16.65961,0,EfficientNetV2L
10,398,4.0982,46.568805,4.6568805,201600,2.989283556,16.616589,26.333339,EfficientNetV2L
10,413,4.4016,47.937538,4.7937538,201600,3.068480556,17.42774,0,EfficientNetV2L
10,413,4.4016,47.938701,4.7938701,201600,3.068578778,17.430991,25.835799,EfficientNetV2L
10,428,4.7051,46.518418,4.6518418,201600,2.871700222,17.930739,26.232842,EfficientNetV2L
10,428,4.7051,46.519638,4.6519638,201600,2.871740556,17.814169,0,EfficientNetV2L
10,443,5.0086,46.340077,4.6340077,201600,2.798869444,18.393806,24.469378,EfficientNetV2L
10,443,5.0086,46.340881,4.6340881,201600,2.798974444,18.408374,0,EfficientNetV2L
10,458,5.312,47.077467,4.7077467,201600,2.872983333,18.439182,23.526838,EfficientNetV2L
10,458,5.312,47.060388,4.7060388,201600,2.873137333,18.496082,0,EfficientNetV2L
10,473,5.6155,46.144483,4.6144483,201600,2.675156556,19.34996,22.989932,EfficientNetV2L
10,473,5.6155,46.146883,4.6146883,201600,2.675134556,19.348074,0,EfficientNetV2L
10,488,5.919,45.757492,4.5757492,201600,2.606198556,19.788317,22.564995,EfficientNetV2L
10,488,5.919,45.758437,4.5758437,201600,2.606186111,19.683112,0,EfficientNetV2L
10,503,6.2224,46.769398,4.6769398,201600,2.672674556,20.245873,21.898969,EfficientNetV2L
10,503,6.2224,46.770071,4.6770071,201600,2.672693778,20.21631,0,EfficientNetV2L
10,518,6.5259,45.385906,4.5385906,201600,2.501382778,20.40219,21.098364,EfficientNetV2L
10,518,6.5259,45.385985,4.5385985,201600,2.501508222,20.482953,0,EfficientNetV2L
10,1,0,9.807585,0.9807585,150528,0.6127413333,0.485416,0,EffecientNetV2B0
10,1,0,9.803244,0.9803244,150528,0.2271681111,0.453633,0,EffecientNetV2B0
10,2,0,10.053067,1.0053067,150528,0.8253177778,0.434991,5.988224,EffecientNetV2B0
10,2,0,10.051591,1.0051591,150528,0.9110574444,0.45261,0,EffecientNetV2B0
10,3,0.0002,15.486213,1.5486213,401408,1.319071667,0.464715,0,EffecientNetV2B0
10,3,0.0002,15.48037,1.548037,401408,1.435056667,0.476385,6.271711,EffecientNetV2B0
10,4,0.0002,15.135883,1.5135883,401408,1.462022444,0.442678,5.875027,EffecientNetV2B0
10,4,0.0002,15.137023,1.5137023,401408,1.462194444,0.461861,0,EffecientNetV2B0
10,5,0.0002,16.392207,1.6392207,401408,1.579265,0.573694,5.849425,EffecientNetV2B0
10,5,0.0002,16.388786,1.6388786,401408,1.579435444,0.580659,0,EffecientNetV2B0
10,6,0.0014,10.40945,1.040945,200704,0.9858826667,0.553492,0,EffecientNetV2B0
10,6,0.0014,10.403972,1.0403972,200704,0.9859841111,0.557671,6.341614,EffecientNetV2B0
10,7,0.0014,10.629538,1.0629538,200704,1.013973222,0.549537,5.751423,EffecientNetV2B0
10,7,0.0014,10.629369,1.0629369,200704,1.013964556,0.524973,0,EffecientNetV2B0
10,8,0.0014,10.591624,1.0591624,200704,0.9906478889,0.506177,0,EffecientNetV2B0
10,8,0.0014,10.590207,1.0590207,200704,0.990804,0.54457,5.637709,EffecientNetV2B0
10,9,0.002,10.524038,1.0524038,200704,0.9950437778,0.598948,0,EffecientNetV2B0
10,9,0.002,10.524785,1.0524785,200704,0.9950546667,0.626783,5.543273,EffecientNetV2B0
10,10,0.002,11.179719,1.1179719,200704,1.067419333,0.570857,0,EffecientNetV2B0
10,10,0.002,11.180464,1.1180464,200704,1.067571333,0.575363,5.57632,EffecientNetV2B0
10,11,0.002,10.761022,1.0761022,200704,1.024796889,0.561951,0,EffecientNetV2B0
10,11,0.002,10.760278,1.0760278,200704,1.024948333,0.579536,5.765751,EffecientNetV2B0
10,12,0.0021,8.327222,0.8327222,100352,0.77349,0.59868,5.739355,EffecientNetV2B0
10,12,0.0021,8.328712,0.8328712,100352,0.7734964444,0.592974,0,EffecientNetV2B0
10,13,0.0021,8.287104,0.8287104,100352,0.7679678889,0.609688,5.585223,EffecientNetV2B0
10,13,0.0021,8.28823,0.828823,100352,0.768104,0.61642,0,EffecientNetV2B0
10,20,0.0046,8.133594,0.8133594,100352,0.7212356667,0.726165,0,EffecientNetV2B0
10,20,0.0046,8.13391,0.813391,100352,0.7213604444,0.731721,5.511954,EffecientNetV2B0
10,21,0.0052,8.296315,0.8296315,100352,0.7578506667,0.779075,5.402811,EffecientNetV2B0
10,21,0.0052,8.297805,0.8297805,100352,0.7578574444,0.742221,0,EffecientNetV2B0
10,22,0.0052,8.32568,0.832568,100352,0.7554991111,0.791249,0,EffecientNetV2B0
10,22,0.0052,8.329845,0.8329845,100352,0.7554324444,0.771919,5.385022,EffecientNetV2B0
10,23,0.0052,9.337027,0.9337027,100352,0.8419632222,0.87188,0,EffecientNetV2B0
10,23,0.0052,9.32783,0.932783,100352,0.8420802222,0.86792,5.345669,EffecientNetV2B0
10,24,0.0053,6.768693,0.6768693,37632,0.601399,0.767654,5.840306,EffecientNetV2B0
10,24,0.0053,6.7695,0.67695,37632,0.6014357778,0.757496,0,EffecientNetV2B0
10,25,0.0053,8.111578,0.8111578,37632,0.727106,0.885984,5.151441,EffecientNetV2B0
10,25,0.0053,8.112213,0.8112213,37632,0.7271862222,0.895924,0,EffecientNetV2B0
10,32,0.0068,7.028443,0.7028443,37632,0.610205,0.957708,0,EffecientNetV2B0
10,32,0.0068,7.020999,0.7020999,37632,0.6104174444,0.979233,6.142904,EffecientNetV2B0
10,33,0.0069,10.03301,1.003301,150528,0.8874472222,1.080587,5.259858,EffecientNetV2B0
10,33,0.0069,10.033496,1.0033496,150528,0.8875847778,1.096159,0,EffecientNetV2B0
10,34,0.0069,9.513181,0.9513181,150528,0.868652,0.887921,5.1249,EffecientNetV2B0
10,34,0.0069,9.513963,0.9513963,150528,0.8686692222,0.875179,0,EffecientNetV2B0
10,35,0.0069,9.078581,0.9078581,150528,0.8109235556,0.955497,5.165885,EffecientNetV2B0
10,35,0.0069,9.06201,0.906201,150528,0.811047,0.946399,0,EffecientNetV2B0
10,36,0.0082,7.238853,0.7238853,37632,0.6394803333,0.915688,4.832625,EffecientNetV2B0
10,36,0.0082,7.238741,0.7238741,37632,0.6396314444,0.922356,0,EffecientNetV2B0
10,37,0.0082,7.699282,0.7699282,37632,0.6714027778,1.019723,0,EffecientNetV2B0
10,37,0.0082,7.696298,0.7696298,37632,0.6714905556,1.04168,5.257107,EffecientNetV2B0
10,38,0.0082,7.609538,0.7609538,37632,0.6710457778,0.952745,5.736533,EffecientNetV2B0
10,38,0.0082,7.606048,0.7606048,37632,0.6710391111,0.952442,0,EffecientNetV2B0
10,43,0.0082,7.008922,0.7008922,37632,0.5879905556,1.108609,5.685087,EffecientNetV2B0
10,43,0.0082,7.008997,0.7008997,37632,0.5881746667,1.119593,0,EffecientNetV2B0
10,44,0.0083,6.830099,0.6830099,18816,0.5774118889,1.102679,5.019226,EffecientNetV2B0
10,44,0.0083,6.838753,0.6838753,18816,0.5774204444,1.105867,0,EffecientNetV2B0
10,45,0.0083,6.261841,0.6261841,18816,0.5168466667,1.090062,5.212175,EffecientNetV2B0
10,45,0.0083,6.243851,0.6243851,18816,0.5169865556,1.088235,0,EffecientNetV2B0
10,60,0.0138,6.568351,0.6568351,18816,0.5377762222,1.20775,0,EffecientNetV2B0
10,60,0.0138,6.570056,0.6570056,18816,0.5377746667,1.197263,4.70599,EffecientNetV2B0
10,75,0.0193,6.581815,0.6581815,18816,0.5006368889,1.567331,4.881383,EffecientNetV2B0
10,75,0.0193,6.592969,0.6592969,18816,0.5007528889,1.592501,0,EffecientNetV2B0
10,76,0.0195,8.578033,0.8578033,112896,0.7216583333,1.436267,4.515599,EffecientNetV2B0
10,76,0.0195,8.578577,0.8578577,112896,0.7217522222,1.424123,0,EffecientNetV2B0
10,77,0.0195,8.977877,0.8977877,112896,0.7327298889,1.643932,4.634845,EffecientNetV2B0
10,77,0.0195,8.981137,0.8981137,112896,0.7327731111,1.619401,0,EffecientNetV2B0
10,78,0.0195,8.424662,0.8424662,112896,0.7015857778,1.444892,0,EffecientNetV2B0
10,78,0.0195,8.425714,0.8425714,112896,0.7017606667,1.453621,4.584237,EffecientNetV2B0
10,79,0.0312,8.132447,0.8132447,112896,0.6568853333,1.535884,0,EffecientNetV2B0
10,79,0.0312,8.120473,0.8120473,112896,0.6570353333,1.548736,4.148459,EffecientNetV2B0
10,80,0.0312,8.027411,0.8027411,112896,0.6621943333,1.432118,4.050596,EffecientNetV2B0
10,80,0.0312,8.028027,0.8028027,112896,0.6623321111,1.433263,0,EffecientNetV2B0
10,81,0.0312,8.345192,0.8345192,112896,0.6868747778,1.523096,0,EffecientNetV2B0
10,81,0.0312,8.346097,0.8346097,112896,0.6869805556,1.524713,4.058282,EffecientNetV2B0
10,86,0.0312,8.106956,0.8106956,112896,0.6617902222,1.492866,4.291511,EffecientNetV2B0
10,86,0.0312,8.107496,0.8107496,112896,0.6619655556,1.511798,0,EffecientNetV2B0
10,87,0.0314,5.868496,0.5868496,21952,0.4356134444,1.503531,0,EffecientNetV2B0
10,87,0.0314,5.867856,0.5867856,21952,0.4357301111,1.515316,4.030432,EffecientNetV2B0
10,88,0.0314,5.921433,0.5921433,21952,0.4400448889,1.536836,3.833015,EffecientNetV2B0
10,88,0.0314,5.92066,0.592066,21952,0.4400616667,1.52148,0,EffecientNetV2B0
10,103,0.048,6.021668,0.6021668,21952,0.4084448889,1.879031,3.853106,EffecientNetV2B0
10,103,0.048,6.017235,0.6017235,21952,0.4084791111,1.859544,0,EffecientNetV2B0
10,118,0.0645,5.619193,0.5619193,21952,0.3726477778,1.893857,0,EffecientNetV2B0
10,118,0.0645,5.620165,0.5620165,21952,0.3727797778,1.895893,3.580433,EffecientNetV2B0
10,133,0.081,5.692883,0.5692883,21952,0.358471,2.10471,0,EffecientNetV2B0
10,133,0.081,5.692939,0.5692939,21952,0.3584693333,2.101839,3.223553,EffecientNetV2B0
10,148,0.0975,5.288605,0.5288605,21952,0.3053274444,2.219012,3.066905,EffecientNetV2B0
10,148,0.0975,5.288068,0.5288068,21952,0.3054467778,2.245546,0,EffecientNetV2B0
10,17,0.007,23.365087,2.3365087,802816,2.227411222,0.698193,0,resnet50
10,17,0.007,23.371366,2.3371366,802816,2.227365333,0.692591,0,resnet50
10,18,0.007,16.541604,1.6541604,802816,1.533346,0.764264,0,resnet50
10,18,0.007,16.540402,1.6540402,802816,1.533445889,0.813288,0,resnet50
10,27,0.0114,23.306455,2.3306455,802816,2.221824889,0.968514,0,resnet50
10,27,0.0114,23.303637,2.3303637,802816,2.222064778,1.006775,0,resnet50
10,28,0.0114,17.910283,1.7910283,802816,1.710528778,0.880072,0,resnet50
10,28,0.0114,17.909639,1.7909639,802816,1.710651,0.91778,0,resnet50
10,37,0.0157,23.455846,2.3455846,802816,2.243610556,1.084231,0,resnet50
10,37,0.0157,23.456688,2.3456688,802816,2.243648111,1.041948,0,resnet50
10,38,0.0157,17.955331,1.7955331,802816,1.684792444,1.071925,0,resnet50
10,38,0.0157,17.951659,1.7951659,802816,1.684905444,1.112987,0,resnet50
10,49,0.0216,14.078491,1.4078491,401408,1.282235778,1.324433,0,resnet50
10,49,0.0216,14.078807,1.4078807,401408,1.282376667,1.337043,0,resnet50
10,50,0.0216,9.232218,0.9232218,401408,0.7977406667,1.308685,0,resnet50
10,50,0.0216,9.231977,0.9231977,401408,0.7977251111,1.296699,0,resnet50
10,59,0.026,13.688119,1.3688119,401408,1.237801778,1.41212,0,resnet50
10,59,0.026,13.6892,1.36892,401408,1.237959444,1.413824,0,resnet50
10,60,0.026,9.368715,0.9368715,401408,0.7880604444,1.497729,0,resnet50
10,60,0.026,9.370579,0.9370579,401408,0.7881984444,1.505289,0,resnet50
10,69,0.0304,13.756734,1.3756734,401408,1.228758,1.56615,0,resnet50
10,69,0.0304,13.756713,1.3756713,401408,1.228788444,1.558259,0,resnet50
10,70,0.0304,9.100673,0.9100673,401408,0.7584978889,1.554305,0,resnet50
10,70,0.0304,9.101876,0.9101876,401408,0.7586291111,1.562609,0,resnet50
10,79,0.0347,13.476867,1.3476867,401408,1.173783556,1.801596,0,resnet50
10,79,0.0347,13.477734,1.3477734,401408,1.173929778,1.809938,0,resnet50
10,80,0.0347,10.990501,1.0990501,401408,0.9179568889,1.807973,0,resnet50
10,80,0.0347,10.991161,1.0991161,401408,0.9181057778,1.827612,0,resnet50
10,91,0.0406,8.783424,0.8783424,200704,0.6908663333,1.925352,0,resnet50
10,91,0.0406,8.784352,0.8784352,200704,0.6910224444,1.927791,0,resnet50
10,1,0,9.371215,0.9371215,158700,0.706128,0.422372,0,resnet50
10,1,0,9.371386,0.9371386,158700,0.6216978889,0.407216,0,resnet50
10,2,0.0024,24.726968,2.4726968,802816,1.870749889,0.414521,0,resnet50
10,2,0.0024,24.73464,2.473464,802816,1.660660778,0.4082,0,resnet50
10,3,0.0024,22.573928,2.2573928,802816,1.996269556,0.464155,0,resnet50
10,1,0,8.881702,0.8881702,158700,0.6604134444,0.427541,0,resnet50
10,1,0,8.886068,0.8886068,158700,0.2973224444,0.421871,0,resnet50
10,2,0.0024,24.287981,2.4287981,802816,1.282809778,0.422307,0,resnet50
10,1,0,8.995118,0.8995118,158700,0.5220932222,0.440588,0,resnet50
10,1,0,8.995116,0.8995116,158700,0.192622,0.43562,0,resnet50
10,2,0.0024,24.21871,2.421871,802816,1.953430222,0.415528,0,resnet50
10,2,0.0024,24.221634,2.4221634,802816,2.212050667,0.425355,0,resnet50
10,3,0.0024,24.16714,2.416714,802816,2.124431222,0.452615,0,resnet50
10,3,0.0024,24.168928,2.4168928,802816,2.183603222,0.461021,0,resnet50
10,4,0.0024,17.687717,1.7687717,802816,1.711295222,0.446228,0,resnet50
10,4,0.0024,17.684651,1.7684651,802816,1.711434111,0.471319,0,resnet50
10,5,0.0024,18.48241,1.848241,831744,1.803558556,0.443148,0,resnet50
10,5,0.0024,18.479434,1.8479434,831744,1.803682778,0.502879,0,resnet50
10,6,0.0024,9.986327,0.9986327,200704,0.958898,0.447235,0,resnet50
10,6,0.0024,9.980374,0.9980374,200704,0.9590212222,0.454693,0,resnet50
10,12,0.0049,8.427834,0.8427834,200704,0.7926393333,0.529541,0,resnet50
10,12,0.0049,8.422896,0.8422896,200704,0.7926298889,0.523425,0,resnet50
10,17,0.007,24.124075,2.4124075,802816,2.347525222,0.672126,0,resnet50
10,17,0.007,24.124128,2.4124128,802816,2.347661,0.734288,0,resnet50
10,18,0.007,15.911907,1.5911907,802816,1.530626333,0.741483,0,resnet50
10,18,0.007,15.91458,1.591458,802816,1.530622,0.723584,0,resnet50
10,27,0.0114,23.937367,2.3937367,802816,2.298056111,0.84668,0,resnet50
10,27,0.0114,23.944813,2.3944813,802816,2.298132778,0.866289,0,resnet50
10,28,0.0114,18.432399,1.8432399,802816,1.765453111,0.878943,0,resnet50
10,28,0.0114,18.434532,1.8434532,802816,1.765536667,0.850486,0,resnet50
10,37,0.0157,23.56292,2.356292,802816,2.242804556,1.052717,0,resnet50
10,37,0.0157,23.563914,2.3563914,802816,2.242944889,1.063842,0,resnet50
10,38,0.0157,17.880073,1.7880073,802816,1.6945,1.056983,0,resnet50
10,38,0.0157,17.881044,1.7881044,802816,1.694646111,1.086363,0,resnet50
10,49,0.0216,14.504152,1.4504152,401408,1.341533444,1.338863,0,resnet50
10,49,0.0216,14.504681,1.4504681,401408,1.341543889,1.275231,0,resnet50
10,50,0.0216,9.32253,0.932253,401408,0.7877281111,1.380581,0,resnet50
10,50,0.0216,9.315229,0.9315229,401408,0.7878084444,1.410005,0,resnet50
10,59,0.026,14.813138,1.4813138,401408,1.334416778,1.450829,0,resnet50
10,59,0.026,14.814217,1.4814217,401408,1.334638556,1.465815,0,resnet50
10,60,0.026,10.291374,1.0291374,401408,0.874562,1.571537,0,resnet50
10,60,0.026,10.30305,1.030305,401408,0.8747014444,1.594997,0,resnet50
10,69,0.0304,14.246439,1.4246439,401408,1.26165,1.671477,0,resnet50
10,69,0.0304,14.247066,1.4247066,401408,1.261778556,1.674107,0,resnet50
10,70,0.0304,9.70033,0.970033,401408,0.799559,1.698522,0,resnet50
10,70,0.0304,9.689248,0.9689248,401408,0.7997047778,1.757864,0,resnet50
10,1,0,9.005242,0.9005242,158700,0.8323765556,0.384311,0,resnet50
10,1,0,9.0077,0.90077,158700,0.7317327778,0.388861,0,resnet50
10,2,0.0024,23.127413,2.3127413,802816,0.446276,0.40191,0,resnet50
10,2,0.0024,23.135813,2.3135813,802816,1.176320111,0.431844,0,resnet50
10,1,0,8.386112,0.8386112,158700,0.5212738889,0.39921,0,resnet50
10,1,0,8.383634,0.8383634,158700,0.1940236667,0.374958,0,resnet50
10,2,0.0024,24.612728,2.4612728,802816,1.928627444,0.398727,0,resnet50
10,2,0.0024,24.620825,2.4620825,802816,2.081080778,0.427016,0,resnet50
10,3,0.0024,23.103961,2.3103961,802816,2.025712667,0.466132,0,resnet50
10,3,0.0024,23.103309,2.3103309,802816,2.259393111,0.461894,0,resnet50
10,4,0.0024,18.192109,1.8192109,802816,1.609359222,0.429154,0,resnet50
10,4,0.0024,18.19183,1.819183,802816,1.728590667,0.482075,0,resnet50
10,1,0,8.914708,0.8914708,158700,0.5454966667,0.485712,0,resnet50
10,1,0,8.90684,0.890684,158700,0.2004136667,0.446129,0,resnet50
10,2,0.0024,23.512783,2.3512783,802816,1.885955,0.408499,0,resnet50
10,2,0.0024,23.51347,2.351347,802816,1.975876556,0.417233,0,resnet50
10,3,0.0024,24.981842,2.4981842,802816,2.415862,0.514891,0,resnet50
10,3,0.0024,24.965979,2.4965979,802816,2.416050111,0.52185,0,resnet50
10,4,0.0024,18.890893,1.8890893,802816,1.843703556,0.490325,0,resnet50
10,4,0.0024,18.888935,1.8888935,802816,1.843710333,0.482547,0,resnet50
10,5,0.0024,18.466418,1.8466418,831744,1.802498111,0.444077,0,resnet50
10,5,0.0024,18.467407,1.8467407,831744,1.802621889,0.461705,0,resnet50
10,6,0.0024,9.284652,0.9284652,200704,0.8766891111,0.436278,0,resnet50
10,6,0.0024,9.284671,0.9284671,200704,0.8768888889,0.520646,0,resnet50
10,12,0.0049,8.100038,0.8100038,200704,0.7587581111,0.513388,0,resnet50
10,12,0.0049,8.101372,0.8101372,200704,0.7588924444,0.599684,0,resnet50
10,17,0.007,22.065183,2.2065183,802816,2.148291333,0.652056,0,resnet50
10,17,0.007,22.063774,2.2063774,802816,2.148445333,0.732095,0,resnet50
10,18,0.007,14.757119,1.4757119,802816,1.389355,0.757448,0,resnet50
10,18,0.007,14.758757,1.4758757,802816,1.389519333,0.828602,0,resnet50
10,27,0.0114,22.700298,2.2700298,802816,2.158981111,0.928246,0,resnet50
10,27,0.0114,22.700801,2.2700801,802816,2.159146333,0.985637,0,resnet50
10,28,0.0114,17.644727,1.7644727,802816,1.666566,0.86272,0,resnet50
10,28,0.0114,17.645217,1.7645217,802816,1.666679444,0.902147,0,resnet50
10,37,0.0157,23.441568,2.3441568,802816,2.239531333,1.081758,0,resnet50
10,37,0.0157,23.442421,2.3442421,802816,2.239541444,1.039154,0,resnet50
10,38,0.0157,18.767028,1.8767028,802816,1.736315889,1.12246,0,resnet50
10,38,0.0157,18.762726,1.8762726,802816,1.736497778,1.171393,0,resnet50
10,49,0.0216,14.468182,1.4468182,401408,1.278908778,1.508607,0,resnet50
10,49,0.0216,14.468348,1.4468348,401408,1.278862333,1.499335,0,resnet50
10,50,0.0216,9.555493,0.9555493,401408,0.8291033333,1.34417,0,resnet50
10,50,0.0216,9.558316,0.9558316,401408,0.829079,1.335808,0,resnet50
10,59,0.026,14.38673,1.438673,401408,1.303609333,1.496292,0,resnet50
10,59,0.026,14.386417,1.4386417,401408,1.303536,1.478783,0,resnet50
10,1,0,8.630767,0.8630767,158700,0.5315092222,0.429687,0,resnet50
10,1,0,8.633619,0.8633619,158700,0.1972745556,0.382036,0,resnet50
10,2,0.0024,24.399753,2.4399753,802816,1.932846222,0.420967,0,resnet50
10,2,0.0024,24.404766,2.4404766,802816,2.081164889,0.428787,0,resnet50
10,1,0,8.617304,0.8617304,158700,0.5382885556,0.404486,0,resnet50
10,1,0,8.627262,0.8627262,158700,0.199005,0.406085,0,resnet50
10,2,0.0024,23.533362,2.3533362,802816,1.922781889,0.438164,0,resnet50
10,2,0.0024,23.535595,2.3535595,802816,1.802304556,0.432261,0,resnet50
10,3,0.0024,24.846237,2.4846237,802816,2.306042333,0.533112,0,resnet50
10,3,0.0024,24.847184,2.4847184,802816,2.142341,0.50236,0,resnet50
10,1,0,9.115034,0.9115034,158700,0.6362094444,0.434257,0,resnet50
10,1,0,9.115423,0.9115423,158700,0.2025402222,0.423018,0,resnet50
10,2,0.0024,23.762301,2.3762301,802816,1.754193444,0.437514,0,resnet50
10,2,0.0024,23.754836,2.3754836,802816,2.150268222,0.426031,0,resnet50
10,3,0.0024,24.185474,2.4185474,802816,2.075319444,0.537492,0,resnet50
10,3,0.0024,24.182083,2.4182083,802816,2.348304333,0.533915,0,resnet50
10,4,0.0024,18.930959,1.8930959,802816,1.859685889,0.452027,0,resnet50
10,4,0.0024,18.925524,1.8925524,802816,1.859854,0.464373,0,resnet50
10,5,0.0024,19.525633,1.9525633,831744,1.925397889,0.502628,0,resnet50
10,5,0.0024,19.527081,1.9527081,831744,1.925392333,0.448488,0,resnet50
10,6,0.0024,9.654587,0.9654587,200704,0.9289601111,0.478314,0,resnet50
10,6,0.0024,9.66006,0.966006,200704,0.9289566667,0.411977,0,resnet50
10,12,0.0049,8.338185,0.8338185,200704,0.7699395556,0.556893,0,resnet50
10,12,0.0049,8.339882,0.8339882,200704,0.7701262222,0.592573,0,resnet50
10,17,0.007,22.440703,2.2440703,802816,2.179526444,0.702858,0,resnet50
10,17,0.007,22.442187,2.2442187,802816,2.179564222,0.675227,0,resnet50
10,18,0.007,15.791847,1.5791847,802816,1.511170889,0.782479,0,resnet50
10,18,0.007,15.79263,1.579263,802816,1.511341556,0.794618,0,resnet50
10,27,0.0114,24.787055,2.4787055,802816,2.288299889,0.955198,0,resnet50
10,27,0.0114,24.805098,2.4805098,802816,2.288280111,0.936094,0,resnet50
10,28,0.0114,18.915323,1.8915323,802816,1.817260444,0.901022,0,resnet50
10,28,0.0114,18.916069,1.8916069,802816,1.817391444,0.918673,0,resnet50
10,37,0.0157,24.645218,2.4645218,802816,2.364422111,1.110033,0,resnet50
10,37,0.0157,24.657513,2.4657513,802816,2.364455556,1.1227,0,resnet50
10,38,0.0157,19.447094,1.9447094,802816,1.805692444,1.281689,0,resnet50
10,38,0.0157,19.450333,1.9450333,802816,1.805890444,1.285502,0,resnet50
10,49,0.0216,13.721419,1.3721419,401408,1.254390556,1.267177,0,resnet50
10,49,0.0216,13.724995,1.3724995,401408,1.254507667,1.285943,0,resnet50
10,50,0.0216,9.123944,0.9123944,401408,0.7577304444,1.361944,0,resnet50
10,50,0.0216,9.125105,0.9125105,401408,0.7578591111,1.365932,0,resnet50
10,59,0.026,13.743203,1.3743203,401408,1.245388222,1.412087,0,resnet50
10,59,0.026,13.742784,1.3742784,401408,1.245507667,1.420877,0,resnet50
10,60,0.026,9.286968,0.9286968,401408,0.785067,1.442216,0,resnet50
10,60,0.026,9.288008,0.9288008,401408,0.7852668889,1.453714,0,resnet50
10,69,0.0304,14.381456,1.4381456,401408,1.250490556,1.828406,0,resnet50
10,69,0.0304,14.389683,1.4389683,401408,1.250670444,1.851976,0,resnet50
10,70,0.0304,9.651707,0.9651707,401408,0.8163544444,1.557084,0,resnet50
10,70,0.0304,9.652582,0.9652582,401408,0.816463,1.58651,0,resnet50
10,79,0.0347,14.038754,1.4038754,401408,1.205191556,1.935945,0,resnet50
10,79,0.0347,14.0372,1.40372,401408,1.205286444,1.956228,0,resnet50
10,80,0.0347,10.506641,1.0506641,401408,0.8797724444,1.725639,0,resnet50
10,80,0.0347,10.505457,1.0505457,401408,0.8799194444,1.726409,0,resnet50
10,91,0.0406,8.676966,0.8676966,200704,0.66555,2.040825,0,resnet50
10,91,0.0406,8.67296,0.867296,200704,0.6656506667,2.045103,0,resnet50
10,1,0,8.530084,0.8530084,158700,0.4990484444,0.412653,0,resnet50
10,1,0,8.533269,0.8533269,158700,0.1659344444,0.394253,0,resnet50
10,2,0.0024,24.563516,2.4563516,802816,1.858435222,0.433758,0,resnet50
10,2,0.0024,24.561637,2.4561637,802816,2.410787444,0.422847,0,resnet50
10,3,0.0024,24.70177,2.470177,802816,2.418770444,0.412158,0,resnet50
10,3,0.0024,24.702198,2.4702198,802816,2.418757889,0.411231,0,resnet50
10,4,0.0024,18.979604,1.8979604,802816,1.855016333,0.399357,0,resnet50
10,4,0.0024,18.979842,1.8979842,802816,1.855177556,0.398354,0,resnet50
10,5,0.0024,19.01134,1.901134,831744,1.812741889,0.487374,0,resnet50
10,5,0.0024,19.002389,1.9002389,831744,1.812877222,0.503325,0,resnet50
10,6,0.0024,9.196921,0.9196921,200704,0.8695615556,0.45966,0,resnet50
10,6,0.0024,9.197339,0.9197339,200704,0.8697181111,0.456436,0,resnet50
10,12,0.0049,8.791432,0.8791432,200704,0.8315846667,0.532723,0,resnet50
10,12,0.0049,8.784537,0.8784537,200704,0.831726,0.537052,0,resnet50
10,17,0.007,22.432016,2.2432016,802816,2.155445,0.731318,0,resnet50
10,17,0.007,22.429615,2.2429615,802816,2.155610556,0.73889,0,resnet50
10,18,0.007,14.776803,1.4776803,802816,1.420384889,0.682306,0,resnet50
10,18,0.007,14.777397,1.4777397,802816,1.420431667,0.67348,0,resnet50
10,27,0.0114,23.536678,2.3536678,802816,2.289681667,0.854228,0,resnet50
10,27,0.0114,23.53607,2.353607,802816,2.289674222,0.845893,0,resnet50
10,28,0.0114,18.330853,1.8330853,802816,1.757671333,0.868085,0,resnet50
10,28,0.0114,18.336835,1.8336835,802816,1.757815222,0.879274,0,resnet50
10,37,0.0157,23.452699,2.3452699,802816,2.195066889,1.133585,0,resnet50
10,37,0.0157,23.454,2.3454,802816,2.195208889,1.145978,0,resnet50
10,38,0.0157,18.442246,1.8442246,802816,1.723995556,1.058478,0,resnet50
10,38,0.0157,18.442708,1.8442708,802816,1.724058,1.045647,0,resnet50
10,49,0.0216,13.557364,1.3557364,401408,1.241705778,1.245253,0,resnet50
10,49,0.0216,13.559218,1.3559218,401408,1.241852,1.246566,0,resnet50
10,50,0.0216,9.183426,0.9183426,401408,0.7894462222,1.281652,0,resnet50
10,50,0.0216,9.184278,0.9184278,401408,0.7895617778,1.307294,0,resnet50
10,59,0.026,14.628501,1.4628501,401408,1.337855444,1.377059,0,resnet50
10,59,0.026,14.630176,1.4630176,401408,1.338082333,1.388602,0,resnet50
10,60,0.026,10.441163,1.0441163,401408,0.9077414444,1.478922,0,resnet50
10,60,0.026,10.441274,1.0441274,401408,0.9078154444,1.485884,0,resnet50
10,69,0.0304,14.103764,1.4103764,401408,1.234022889,1.598113,0,resnet50
10,69,0.0304,14.103233,1.4103233,401408,1.23412,1.613313,0,resnet50
10,70,0.0304,9.532391,0.9532391,401408,0.7886557778,1.654665,0,resnet50
10,70,0.0304,9.534703,0.9534703,401408,0.7886364444,1.648606,0,resnet50
10,79,0.0347,14.407157,1.4407157,401408,1.258627111,1.739059,0,resnet50
10,79,0.0347,14.40727,1.440727,401408,1.258804,1.776407,0,resnet50
10,80,0.0347,12.213494,1.2213494,401408,1.02818,1.844516,0,resnet50
10,80,0.0347,12.213799,1.2213799,401408,1.028252333,1.82926,0,resnet50
10,91,0.0406,9.34319,0.934319,200704,0.6798308889,2.482513,0,resnet50
10,91,0.0406,9.343682,0.9343682,200704,0.6798152222,2.466232,0,resnet50
10,1,0,8.406798,0.8406798,158700,0.6052161111,0.425386,0,resnet50
10,1,0,8.407949,0.8407949,158700,0.5233613333,0.415189,0,resnet50
10,2,0.0024,23.784569,2.3784569,802816,1.784009889,0.409418,0,resnet50
10,2,0.0024,23.79339,2.379339,802816,1.725721444,0.4166,0,resnet50
10,3,0.0024,23.293181,2.3293181,802816,1.849663333,0.386176,0,resnet50
10,3,0.0024,23.298977,2.3298977,802816,1.998249222,0.4234,0,resnet50
10,1,0,8.794731,0.8794731,158700,0.5547227778,0.413494,0,resnet50
10,1,0,8.795786,0.8795786,158700,0.1992641111,0.402293,0,resnet50
10,2,0.0024,24.187215,2.4187215,802816,1.921932444,0.441591,0,resnet50
10,2,0.0024,24.181697,2.4181697,802816,1.921403667,0.430687,0,resnet50
10,3,0.0024,23.401041,2.3401041,802816,2.278862111,0.396148,0,resnet50
10,3,0.0024,23.394114,2.3394114,802816,2.278972111,0.418343,0,resnet50
10,4,0.0024,17.696036,1.7696036,802816,1.707712667,0.461405,0,resnet50
10,4,0.0024,17.687904,1.7687904,802816,1.707889111,0.471563,0,resnet50
10,5,0.0024,18.475938,1.8475938,831744,1.784972778,0.501236,0,resnet50
10,5,0.0024,18.474584,1.8474584,831744,1.784989778,0.498521,0,resnet50
10,6,0.0024,8.634322,0.8634322,200704,0.8176831111,0.44273,0,resnet50
10,6,0.0024,8.634818,0.8634818,200704,0.8178212222,0.448156,0,resnet50
10,12,0.0049,8.670269,0.8670269,200704,0.804454,0.521228,0,resnet50
10,12,0.0049,8.670932,0.8670932,200704,0.8045676667,0.526984,0,resnet50
10,1,0,8.028181,0.8028181,158700,0.7416698889,0.406357,0,resnet50
10,1,0,8.896024,0.8896024,158700,0.6579271111,0.461522,0,resnet50
10,1,0,8.897713,0.8897713,158700,0.5674591111,0.461229,0,resnet50
10,1,0,9.191446,0.9191446,158700,0.5593466667,0.440343,0,resnet50
10,1,0,9.19258,0.919258,158700,0.1968353333,0.39143,0,resnet50
10,2,0.0024,24.307117,2.4307117,802816,1.876677778,0.406862,5.144083,resnet50
10,2,0.0024,24.308216,2.4308216,802816,1.990831,0.417467,0,resnet50